open,high,low,close,pre_close,change,pct_chg,vol,amount,close_index,open_index,high_index,low_index,change_index,pct_chg_index,vol_index,amount_index
18.33,18.33,17.26,17.3,18.49,-1.19,-6.4359,251922.92,445600.65,3267.1916,3368.043,3372.0034,3267.1916,-103.2123,-3.0623,630687790,707626460.3
17.45,18.74,17.1,18.49,17.3,1.19,6.8786,384869.42,697567.753,3370.4039,3362.9444,3378.5175,3348.8552,2.4146,0.0717,530331830,614517433.7
16.83,17.33,16.68,17.3,17,0.3,1.7647,211573.59,361835.563,3367.9893,3337.6778,3375.2482,3333.0023,21.9795,0.6569,566154289,627858323.2
17.22,17.29,16.26,17,17.19,-0.19,-1.1053,252010.4,422314.042,3346.0098,3324.8831,3346.7577,3284.133,22.1612,0.6667,625024151,651575376.3
16.62,17.49,15.39,17.19,16.73,0.46,2.7496,326592.66,529498.794,3323.8486,3344.6904,3386.9031,3309.0076,-6.8777,-0.2065,743950692,755809644.5
17.14,17.59,16.7,16.73,17.26,-0.53,-3.0707,204741.16,352471.683,3330.7263,3369.8092,3391.3204,3330.7263,-49.1126,-1.4531,630285583,745937122.4
17.61,18.2,17.24,17.26,18.07,-0.81,-4.4826,242145.37,426865.997,3379.8389,3429.5054,3441.7746,3376.1528,-59.4389,-1.7282,631556690,762884198.8
18.95,18.95,17.6,18.07,19.48,-1.41,-7.2382,348838.61,632470.886,3439.2778,3406.9164,3442.2983,3404.5254,17.3077,0.5058,673662348,829435317
19.42,19.65,19.17,19.48,19.26,0.22,1.1423,308997.82,597815.249,3421.9701,3469.8908,3489.4244,3402.0422,-48.0956,-1.386,817926524,1039600859
19.06,19.6,18.6,19.26,20.04,-0.78,-3.8922,427468.8,814996.107,3470.0657,3432.3672,3471.1222,3416.7266,17.7686,0.5147,818025436,1024334900
18.97,22,18.97,20.04,21.08,-1.04,-4.9336,684091.86,1364054.915,3452.2971,3502.1331,3509.8182,3443.193,-18.3638,-0.5291,964034562,1107932296
21.55,21.8,21.08,21.08,23.42,-2.34,-9.9915,208781,443230.532,3470.6609,3359.9851,3470.6609,3356.258,86.8547,2.5668,959556680,1048841306
21.55,23.42,20.2,23.42,21.29,2.13,10.0047,847602.6,1907682.619,3383.8062,3395.2217,3420.9986,3367.0812,-3.1807,-0.0939,895855930,1026807640
19.32,21.5,18.8,21.29,19.58,1.71,8.7334,662070.65,1329495.929,3386.9869,3306.8098,3386.9869,3302.0472,76.7797,2.3195,821124902,929931429.4
19.58,20.59,19.58,19.58,21.76,-2.18,-10.0184,322397.12,634341.862,3310.2072,3275.6787,3310.2072,3263.8421,38.193,1.1673,665077454,692341763.3
25.18,25.18,21.76,21.76,24.18,-2.42,-10.0083,637221.98,1467000.96,3272.0142,3275.5768,3305.3181,3258.7346,-7.8102,-0.2381,852055320,878112793.9
23,24.18,22.56,24.18,21.98,2.2,10.0091,444283.33,1060512.095,3279.8244,3267.975,3295.7421,3252.3899,13.5866,0.416,784649094,864970969
21.98,21.98,20.63,21.98,19.98,2,10.01,635775.4,1382256.145,3266.2378,3273.6421,3291.6795,3244.8063,-20.1692,-0.6137,669018090,730619786.7
19.98,19.98,19.98,19.98,18.16,1.82,10.022,50803.39,101505.173,3286.407,3328.0885,3340.4584,3284.2108,-35.7905,-1.0773,725326154,806573822.3
17,18.16,17,18.16,16.51,1.65,9.9939,407633.03,728969.308,3322.1975,3300.4634,3322.1975,3279.715,22.4972,0.6818,672373131,717510218
15.02,16.73,14.6,16.51,15.31,1.2,7.838,483009.18,764606.789,3299.7003,3280.7616,3319.3571,3276.1303,19.4378,0.5926,595651707,677255321.3
15.48,16.29,15.14,15.31,15.15,0.16,1.0561,349446.75,546095.007,3280.2625,3287.8243,3292.9448,3266.8823,-22.5403,-0.6825,519827074,585248947
14.86,15.59,14.7,15.15,14.99,0.16,1.0674,335311.79,507605.721,3302.8028,3285.2474,3331.0823,3277.0663,16.9359,0.5154,650444128,760066419.6
15.99,15.99,14.88,14.99,15.84,-0.85,-5.3662,453805.8,694382.907,3285.8669,3263.8224,3294.9612,3255.1375,17.7569,0.5433,574913781,698861461.3
14.38,15.91,13.85,15.84,14.52,1.32,9.0909,623654.31,936388.561,3268.11,3276.0598,3300.664,3239.0965,6.5467,0.2007,668150299,855781454
13.81,15.55,13.4,14.52,14.56,-0.04,-0.2747,675964.76,963140.093,3261.5633,3165.9745,3313.9784,3152.8213,92.179,2.9084,693014623,827948922.1
14.2,14.56,13.94,14.56,13.24,1.32,9.9698,528990.54,761694.177,3169.3843,3220.7334,3241.5675,3169.3843,-33.5637,-1.0479,528611772,557347351.4
11.79,13.24,11.71,13.24,12.04,1.2,9.9668,166962.5,217611.869,3202.948,3169.1685,3236.848,3167.7364,1.6561,0.0517,515813997,533062408.9
11.9,12.61,11.68,12.04,11.89,0.15,1.2616,219190.52,267819.994,3201.2919,3265.7461,3285.2147,3201.2919,-83.0306,-2.5281,566054558,619091471.9
11.23,11.94,11.23,11.89,11.09,0.8,7.2137,156719.84,182115.426,3284.3225,3241.4275,3294.6199,3203.901,66.5848,2.0693,631466859,701499242.6
11.62,11.66,10.88,11.09,11.45,-0.36,-3.1441,106338.59,119747.355,3217.7377,3287.8727,3297.7517,3187.9882,-84.1882,-2.5497,606027433,664332794.5
11.41,11.87,11.2,11.45,11.56,-0.11,-0.9516,123979.77,142992.15,3301.9259,3277.6916,3379.8053,3228.1248,43.0681,1.3216,834500257,947788515
12.7,12.7,11.56,11.56,12.84,-1.28,-9.9688,178594.24,212814.324,3258.8578,3427.2199,3437.1571,3249.1591,-230.9173,-6.617,992757256,1264311454
13.02,13.02,12,12.84,11.84,1,8.4459,253626.83,319206.353,3489.7751,3674.4048,3674.4048,3372.1868,153.2777,4.594,1313460195,1510513251
11.36,11.9,11,11.84,10.84,1,9.2251,206613.46,238312.247,3336.4974,3194.7224,3358.5883,3153.697,248.9688,8.0637,1102337917,1167772550
10.57,11.03,10.4,10.84,10.37,0.47,4.5323,118902.12,127329.024,3087.5286,3049.1026,3087.5286,3017.4453,86.576,2.885,492287163,480612559.5
10.29,10.37,10.15,10.37,10.16,0.21,2.0669,76000.15,77987.414,3000.9526,2893.7451,3000.9526,2889.0143,104.6469,3.6131,576319261,524669070.9
10.23,10.38,10.14,10.16,10.14,0.02,0.1972,85548.65,87853.995,2896.3057,2901.4185,2952.4511,2889.048,33.1802,1.1589,568259816,516698093.6
9.93,10.16,9.86,10.14,9.99,0.15,1.5015,70645.5,71069.755,2863.1255,2770.7543,2863.1519,2761.3717,114.2078,4.1546,477619545,442795296.9
9.91,10.08,9.85,9.99,9.91,0.08,0.8073,45644,45599.038,2748.9177,2735.3895,2760.4799,2731.3571,12.1038,0.4423,257642154,235214505.9
9.8,9.97,9.76,9.91,9.8,0.11,1.1224,47655.5,47212.688,2736.8139,2734.2277,2741.1552,2717.9451,0.7917,0.0289,285644627,255433329.9
9.57,9.84,9.41,9.8,9.47,0.33,3.4847,44078.01,42699.305,2736.0222,2723.2053,2747.7402,2697.7756,18.7409,0.6897,315208389,280536046.2
9.63,9.77,9.35,9.47,9.63,-0.16,-1.6615,35885,34005.844,2717.2813,2705.3451,2724.1141,2689.6952,13.1917,0.4878,247817132,213090588.6
9.81,9.89,9.62,9.63,9.84,-0.21,-2.1341,34309,33380.318,2704.0896,2718.9864,2728.7797,2703.3689,-13.0335,-0.4797,251270038,227818801.1
9.7,9.94,9.65,9.84,9.83,0.01,0.1017,50395,49685.406,2717.1231,2722.1382,2734.6832,2716.5552,-4.6721,-0.1717,240084315,218571098.7
9.99,10,9.75,9.83,10.05,-0.22,-2.1891,56362,55518.209,2721.7952,2732.7314,2732.7314,2710.6208,-22.3969,-0.8162,242264900,219755948.4
9.74,10.05,9.7,10.05,9.73,0.32,3.2888,86362,85734.28,2744.1921,2737.881,2750.1181,2718.6273,7.7045,0.2815,262159015,226408493
9.7,9.77,9.51,9.73,9.69,0.04,0.4128,32754.3,31643.031,2736.4876,2754.7237,2756.556,2726.9667,-29.319,-1.0601,261468847,236605848.5
9.85,9.96,9.68,9.69,9.85,-0.16,-1.6244,38671.3,37947.597,2765.8066,2791.7645,2804.0932,2765.6394,-22.5075,-0.8072,253645375,228570135
9.8,9.92,9.79,9.85,9.77,0.08,0.8188,32962,32457.355,2788.3141,2785.2635,2796.0186,2777.471,4.0358,0.1449,242040948,227514507.2
9.77,9.88,9.7,9.77,9.87,-0.1,-1.0132,33105,32424.007,2784.2783,2786.5046,2800.6065,2781.9352,-18.7004,-0.6672,257453500,234711697.3
9.7,9.88,9.7,9.87,9.72,0.15,1.5432,37906,37148.253,2802.9787,2809.1733,2814.903,2794.9111,-8.0563,-0.2866,275736139,252782482.5
9.83,10.02,9.7,9.72,9.91,-0.19,-1.9173,54129.5,53423.964,2811.035,2832.3499,2839.2784,2810.3739,-31.1792,-1.097,340714193,314813036.7
9.46,10.1,9.41,9.91,9.48,0.43,4.5359,86662.3,85345.545,2842.2142,2819.6498,2867.9649,2817.0141,19.1082,0.6769,397516975,384092892.1
9.3,9.57,9.2,9.48,9.32,0.16,1.7167,36033,33939.34,2823.106,2829.4506,2831.4309,2815.3829,-14.3233,-0.5048,277510534,257644228.8
9.37,9.41,9.19,9.32,9.37,-0.05,-0.5336,30725,28578.608,2837.4293,2844.3269,2852.5621,2830.9615,-11.3019,-0.3967,228730623,213862368.7
9.65,9.66,9.33,9.37,9.74,-0.37,-3.7988,44691.5,42248.191,2848.7312,2850.8773,2853.7804,2843.1576,-6.7891,-0.2378,230693006,215686326.2
9.51,9.75,9.46,9.74,9.53,0.21,2.2036,39222.31,37816.461,2855.5203,2855.4741,2860.6545,2844.3828,1.1528,0.0404,227351523,216806649
9.5,9.66,9.44,9.53,9.6,-0.07,-0.7292,41315.77,39419.693,2854.3675,2844.7703,2860.7327,2839.3371,5.5957,0.1964,226692565,214581900.3
9.72,9.91,9.52,9.6,9.8,-0.2,-2.0408,48754,47476.927,2848.7718,2856.2001,2861.6071,2845.5024,-7.8121,-0.2735,245399415,230124077.2
9.76,9.92,9.71,9.8,9.81,-0.01,-0.1019,29603.5,29094.555,2856.5839,2858.9388,2863.891,2848.1509,-10.0771,-0.3515,229200027,209909187.8
10.02,10.04,9.8,9.81,10.02,-0.21,-2.0958,54616,53852.194,2866.661,2895.5506,2896.5194,2855.3293,-27.0128,-0.9335,263658002,237307804
10.03,10.2,9.98,10.02,10.06,-0.04,-0.3976,45745,46016.657,2893.6738,2877.9542,2905.1547,2877.7709,14.244,0.4947,261687730,242994885.3
10.24,10.29,10.04,10.06,10.23,-0.17,-1.6618,49311,50027.964,2879.4298,2877.9403,2888.6753,2873.0601,2.0719,0.072,263653441,243608265.4
10.23,10.25,9.91,10.23,10.17,0.06,0.59,66980,67953.672,2877.3579,2844.2005,2889.0866,2839.3875,26.704,0.9368,271900000,254987115.6
10.09,10.19,10.06,10.17,10.11,0.06,0.5935,48388.52,49100.269,2850.6539,2866.2434,2866.2434,2850.401,-17.2921,-0.6029,217885170,207457552.4
10.06,10.15,9.96,10.11,10.02,0.09,0.8982,41678,41924.672,2867.946,2860.4099,2867.946,2845.3099,9.7414,0.3408,231674601,210908509.4
10.13,10.13,9.93,10.02,10.15,-0.13,-1.2808,57461,57462.968,2858.2046,2858.8946,2869.2688,2851.2952,-3.9895,-0.1394,244241371,217626684.5
10.17,10.3,10.1,10.15,10.18,-0.03,-0.2947,56072,57072.378,2862.1941,2879.8726,2887.8489,2862.1941,-7.7073,-0.2686,284253916,252884027
10.42,10.43,10.1,10.18,10.51,-0.33,-3.1399,92507,94387.236,2869.9014,2864.758,2886.3994,2850.8745,0.0676,0.0024,289128632,271107919.5
10.55,10.68,10.48,10.51,10.55,-0.04,-0.3791,85116.54,89965.508,2869.8338,2864.0101,2886.9417,2857.7247,2.5501,0.0889,263097150,263793649.8
10.67,10.8,10.36,10.55,10.57,-0.02,-0.1892,141923.24,149721.219,2867.2837,2878.6508,2888.2009,2845.335,6.5859,0.2302,297300803,295835558.8
10.94,11.44,10.51,10.57,10.9,-0.33,-3.0275,219627.16,241766.582,2860.6978,2889.3634,2919.0252,2860.6978,-44.6397,-1.5365,355540572,356863001.4
10.75,11.11,10.7,10.9,10.88,0.02,0.1838,168481.24,183603.484,2905.3375,2913.0198,2931.2593,2902.7202,-27.0496,-0.9224,312205039,314917985.4
10.8,10.97,10.76,10.88,10.85,0.03,0.2765,195382.12,212175.347,2932.3871,2940.12,2947.8768,2928.8262,-6.3622,-0.2165,346621137,352586120.4
10.24,11.25,10.19,10.85,10.23,0.62,6.0606,230741,247283.51,2938.7493,2877.5409,2940.5927,2876.3009,59.4497,2.0647,412723417,418871723.4
10.17,10.35,10.1,10.23,10.28,-0.05,-0.4864,74912.12,76550.062,2879.2996,2885.2152,2885.2152,2865.1493,-12.5457,-0.4338,262478837,269477482.6
10.12,10.37,9.96,10.28,10.02,0.26,2.5948,101132.12,103070.527,2891.8453,2889.4726,2898.9512,2878.5825,0.948,0.0328,256899727,260094898.4
9.88,10.06,9.85,10.02,9.89,0.13,1.3145,59340,59323.454,2890.8973,2885.9953,2899.1162,2875.3959,4.1557,0.144,278387536,275443435
9.86,10.07,9.7,9.89,10,-0.11,-1.1,74871.91,73850.124,2886.7416,2891.8918,2897.7674,2872.8497,-15.2102,-0.5241,274639500,273281622.5
9.96,10.15,9.86,10,10.07,-0.07,-0.6951,88812.05,88836.057,2901.9518,2909.1521,2922.0298,2894.2885,-13.4167,-0.4602,306118853,288660361.6
10.05,10.27,10,10.07,10.2,-0.13,-1.2745,100695,102345.523,2915.3685,2960.5004,2960.5004,2915.3682,-48.847,-1.6479,296295994,307194049.9
10.5,10.5,10.13,10.2,10.22,-0.02,-0.1957,115638,118939.667,2964.2155,2978.1932,2978.6007,2946.5608,-18.0931,-0.6067,278749559,316415459.9
9.89,10.58,9.81,10.22,10.03,0.19,1.8943,138449.24,141730.097,2982.3086,2963.5144,2986.2425,2955.1199,5.1752,0.1738,280932413,319112460.5
10,10.06,9.69,10.03,10.21,-0.18,-1.763,143193,140973.224,2977.1334,2951.1434,2978.0919,2937.9045,14.2785,0.4819,278022665,301283750.6
10.58,10.61,10.15,10.21,10.84,-0.63,-5.8118,216307.5,222879.169,2962.8549,2970.8081,2972.7949,2957.948,-13.4494,-0.4519,282307991,305469106
11.1,11.17,10.72,10.84,11.22,-0.38,-3.3868,307885,335443.951,2976.3043,2963.9001,2977.3613,2959.6655,2.2936,0.0771,260783630,279121370.5
11.22,11.22,11.01,11.22,10.2,1.02,10,263203,295084.806,2974.0107,2963.8472,2977.3126,2959.1288,2.7157,0.0914,268992597,268733339.5
10.44,10.58,10.19,10.2,10.43,-0.23,-2.2052,89962.5,93155.679,2971.295,2965.6121,2977.1417,2963.3033,0.9076,0.0306,303713014,302581576
10.45,10.51,10.35,10.43,10.26,0.17,1.6569,84547.86,88137.612,2970.3874,2957.2502,2971.3608,2947.4027,31.0238,1.0555,328372424,337653177.1
10.36,10.49,10.21,10.26,10.65,-0.39,-3.662,91570.22,94486.637,2939.3636,2949.0261,2958.8594,2935.3304,-20.0088,-0.6761,301549456,306035255.4
10.42,10.66,9.98,10.65,10.51,0.14,1.3321,141113.88,145801.828,2959.3724,2919.5729,2963.7822,2904.0389,36.9226,1.2634,315062031,320361092.8
10.82,10.87,10.43,10.51,10.99,-0.48,-4.3676,110597,116990.253,2922.4498,2939.8367,2947.61,2917.2322,-27.4835,-0.9317,277533424,270872022.9
10.71,11.15,10.13,10.99,11,-0.01,-0.0909,143578.63,154520.303,2949.9333,2954.3723,2957.1069,2920.2046,-7.6337,-0.2581,272324556,271508929.4
10.93,11.5,10.71,11,10.77,0.23,2.1356,180364.03,198896.507,2957.567,2984.8303,2995.5695,2955.2895,-24.8086,-0.8318,274268789,259006711
10.95,11.14,10.76,10.77,11.27,-0.5,-4.4366,148996,162261.927,2982.3756,2995.6642,2998.5369,2978.0686,-14.6355,-0.4883,246284642,257840296.8
10.92,11.36,10.88,11.27,10.96,0.31,2.8285,237577,265650.486,2997.0111,2992.8556,3004.987,2989.4701,2.2808,0.0762,281364683,282559369.5
11.33,11.5,10.8,10.96,11.32,-0.36,-3.1802,245699,269364.705,2994.7303,2965.2452,2996.4086,2961.8556,27.3275,0.9209,297782235,294321888.8
10.46,11.32,10.46,11.32,10.29,1.03,10.0097,170095,190892.432,2967.4028,2940.3032,2985.4679,2939.984,21.5504,0.7316,315201432,313347004.2
10.45,10.64,10.27,10.29,10.55,-0.26,-2.4645,98115.54,102387.979,2945.8524,2962.6964,2963.0644,2944.8979,-26.6727,-0.8973,270548519,266670979.4
10.06,10.57,9.83,10.55,10.17,0.38,3.7365,134979,138592.393,2972.5251,2943.4471,2976.669,2933.3304,22.5288,0.7637,282388409,276215175.5
10.38,10.6,10.01,10.17,10.44,-0.27,-2.5862,116666,119475.97,2949.9963,2962.7654,2971.6534,2935.5382,-13.1026,-0.4422,273209938,296569297.3
10.98,11.1,10.32,10.44,11.14,-0.7,-6.2837,165620,175485.694,2963.0989,2982.8263,2990.6429,2960.1267,-35.0388,-1.1687,298653884,318595817.7
11.1,11.35,10.8,11.14,11.52,-0.38,-3.2986,201122,222258.261,2998.1377,2998.2413,3011.9141,2985.9291,-7.2992,-0.2429,255001251,280275384.8
12.14,12.14,11.11,11.52,11.52,0,0,384641.4,450790.379,3005.4369,3015.7224,3028.5143,3001.7677,-12.6122,-0.4179,295515907,324101266.4
10.45,11.52,10.45,11.52,10.47,1.05,10.0287,166520.5,184994.653,3018.0491,3029.0993,3030.2259,3015.3263,-12.1973,-0.4025,261296248,300290286.7
10.02,10.52,10.01,10.47,10.1,0.37,3.6634,93967.5,97367.328,3030.2464,3015.0713,3031.9758,3012.5234,14.3557,0.476,273625999,317319995.7
10.04,10.29,9.98,10.1,10.07,0.03,0.2979,66185,66939.159,3015.8907,3017.7169,3026.6242,3012.0452,-16.7426,-0.5521,295763448,338146875.6
10,10.09,9.8,10.07,10,0.07,0.7,42965,43008.25,3032.6333,3020.9588,3037.9046,3011.5773,3.7146,0.1226,348746753,396194698.3
10.26,10.42,9.98,10,10.24,-0.24,-2.3438,72652,73462.6,3028.9187,3038.0859,3040.4021,3022.8224,-8.5488,-0.2814,297862463,336871037.1
9.76,10.25,9.72,10.24,9.77,0.47,4.8106,89532,90333.422,3037.4675,3025.2963,3042.0423,3021.3085,9.4224,0.3112,279452106,312058601.5
9.78,9.8,9.31,9.77,9.61,0.16,1.6649,64157,61669.577,3028.0451,3042.1338,3043.1997,3013.8611,-23.2336,-0.7614,310481942,332683377.8
9.42,9.76,9.42,9.61,9.32,0.29,3.1116,83259,80007.147,3051.2787,3053.9153,3065.0247,3031.0443,2.4848,0.0815,316342484,318911097.5
9.76,9.99,9.1,9.32,9.96,-0.64,-6.4257,120424.15,113736.443,3048.7939,3069.4393,3077.6725,3040.8295,-16.6095,-0.5418,369867104,371317019
10.12,10.13,9.91,9.96,10.12,-0.16,-1.581,61395.5,61429.807,3065.4034,3086.0509,3092.3459,3064.7359,-25.7958,-0.8345,290542344,299722764.4
10.48,10.48,9.9,10.12,10.5,-0.38,-3.619,110581,111573.732,3091.1992,3071.3196,3095.3221,3063.5879,12.7105,0.4129,309287598,325589691.9
10.83,10.99,10.35,10.5,10.83,-0.33,-3.0471,101388,107454.907,3078.4887,3085.9814,3097.2043,3061.2766,-8.3247,-0.2697,357563362,367608352.5
10.47,10.9,10.42,10.83,10.56,0.27,2.5568,84922.5,91234.866,3086.8134,3094.7587,3107.6035,3086.8134,-4.8644,-0.1573,276072816,301121881.3
10.8,10.84,10.49,10.56,10.84,-0.28,-2.583,76956.5,81560.22,3091.6778,3103.7078,3121.218,3085.3841,-19.3398,-0.6217,302380762,318475183
10.87,11.11,10.74,10.84,10.89,-0.05,-0.4591,82676,90133.853,3111.0176,3108.0267,3128.1365,3100.9797,1.4455,0.0465,289970346,297512177.3
10.96,11.11,10.67,10.89,10.98,-0.09,-0.8197,88255,96293.575,3109.5721,3122.3877,3130.3103,3106.3645,-14.4706,-0.4632,310066974,320985406.5
11.18,11.28,10.66,10.98,11.15,-0.17,-1.5247,120271.5,130718.892,3124.0427,3094.14,3125.5064,3091.9893,35.1722,1.1387,319396765,345383767.8
11.6,11.79,11.14,11.15,11.83,-0.68,-5.7481,183536.02,208907.601,3088.8705,3110.7533,3130.4245,3087.7941,-27.5165,-0.883,306532279,322748606.4
11.99,12.47,11.81,11.83,11.95,-0.12,-1.0042,216049.82,261381.906,3116.387,3149.8752,3150.6282,3110.2773,-42.1529,-1.3346,353943727,356689462.9
11.8,12.13,11.67,11.95,11.84,0.11,0.9291,161152,192195.763,3158.5399,3157.1889,3166.9191,3152.457,0.5742,0.0182,354098082,364137830.7
12.12,12.3,11.79,11.84,12.19,-0.35,-2.8712,190338.32,227380.314,3157.9657,3164.6826,3165.2237,3148.342,-13.1794,-0.4156,335783572,346584200.8
12.09,12.58,12.08,12.19,12.09,0.1,0.8271,358989.75,441265.931,3171.1451,3156.1482,3174.2658,3155.9903,17.1188,0.5428,426867280,448816915
11.22,12.09,11.05,12.09,10.99,1.1,10.0091,179826.91,210294.112,3154.0263,3121.7126,3154.0263,3116.7842,31.6253,1.0129,383915244,389572549.3
11.07,11.28,10.93,10.99,10.96,0.03,0.2737,116998,129982.17,3122.401,3127.1841,3137.8779,3116.1627,2.4989,0.0801,367417361,377502921.5
10.73,11.19,10.61,10.96,10.87,0.09,0.828,124394.8,136569.636,3119.9021,3141.2518,3142.9725,3117.9287,-25.8722,-0.8224,321027962,333005622.2
10.8,11.05,10.68,10.87,10.71,0.16,1.4939,96487,104558.57,3145.7743,3148.8488,3155.8071,3137.6091,-2.2464,-0.0714,343526194,370069674.9
11.29,11.33,10.65,10.71,11.33,-0.62,-5.4722,148058,160730.241,3148.0207,3139.4753,3157.3656,3126.1697,-6.5265,-0.2069,397030565,425963088.2
11.98,12.13,11.23,11.33,11.99,-0.66,-5.5046,184280,212676.34,3154.5472,3158.5891,3163.1441,3137.1517,0.2271,0.0072,384287495,406707822.8
12,12.02,11.52,11.99,12.12,-0.13,-1.0726,193736.73,228777.641,3154.3201,3128.1644,3158.4646,3128.1644,25.8403,0.826,360881462,398979066.9
11.85,12.28,11.56,12.12,11.9,0.22,1.8487,271815.9,327335.027,3128.4798,3141.4874,3144.9856,3126.1729,-19.2582,-0.6118,334000320,367220116.5
12.22,12.35,11.72,11.9,12.21,-0.31,-2.5389,307716.12,369303.384,3147.738,3139.6637,3151.219,3133.6904,7.0176,0.2234,379102564,426951665.9
11.16,12.75,11.16,12.21,12.4,-0.19,-1.5323,454034.37,543413.918,3140.7204,3132.5115,3142.3816,3126.7689,35.8959,1.1561,450656899,511256135.6
15.15,15.15,12.4,12.4,13.78,-1.38,-10.0145,553122.82,763393.476,3104.8245,3110.1594,3123.2876,3104.2943,-8.2187,-0.264,440213213,473803228.5
13,13.78,11.91,13.78,12.53,1.25,9.9761,279643.21,368292.932,3113.0432,3086.6819,3119.6857,3080.5858,24.4075,0.7902,506925445,554918811.2
12.32,12.53,11.68,12.53,11.39,1.14,10.0088,227109.79,278876.118,3088.6357,3054.9793,3092.43,3054.9793,35.7357,1.1705,439382563,484160093
10.69,11.39,10.52,11.39,10.35,1.04,10.0483,141204.2,155976.4,3052.9,3037.9273,3060.2635,3034.6499,8.0777,0.2653,292280148,315797661.2
9.34,10.35,9.33,10.35,9.41,0.94,9.9894,77230.2,78331.74,3044.8223,3029.4028,3045.6398,3019.1239,22.8448,0.756,305264093,335157362.7
9.4,9.63,9.33,9.41,9.39,0.02,0.213,71389,67590.644,3021.9775,3038.6118,3044.9438,3016.5169,-22.6177,-0.7429,325595128,348651765.4
9.78,9.9,9.32,9.39,9.9,-0.51,-5.1515,95004.7,90387.591,3044.5952,3059.0649,3078.4226,3042.542,-20.6658,-0.6742,357216399,382192259.2
9.72,10.22,9.46,9.9,9.76,0.14,1.4344,145995,142721.425,3065.261,3060.2989,3080.3227,3055.0577,-8.9636,-0.2916,375543855,396614941.1
9.5,10.28,9.29,9.76,9.4,0.36,3.8298,152814.7,148298.318,3074.2246,3060.0309,3102.5527,3057.7606,2.844,0.0926,416321349,441432075.8
8.14,9.45,8.14,9.4,9.04,0.36,3.9823,158263.19,143515.857,3071.3806,3008.0614,3071.3806,3002.0564,64.3125,2.1387,413358368,416254660.8
9.04,9.14,9.04,9.04,10.04,-1,-9.9602,31372,28372.898,3007.0681,3043.5505,3052.4346,3005.34,-50.3095,-1.6455,448070473,435170805.5
10.04,10.41,10.04,10.04,11.15,-1.11,-9.9552,125845,127429.045,3057.3776,3013.6722,3066.9412,2995.542,37.9041,1.2553,461239244,459849043.3
11.2,11.58,11.14,11.15,11.33,-0.18,-1.5887,65099.2,73572.708,3019.4735,3035.5773,3043.5599,3014.8297,-14.7729,-0.4869,334229771,363119193
11.61,11.81,11.33,11.33,11.96,-0.63,-5.2676,93375,107830.763,3034.2464,3013.5727,3050.3372,3009.8972,6.9115,0.2283,340894392,364147836.5
11.63,12.09,11.1,11.96,11.7,0.26,2.2222,140012.6,160966.472,3027.3349,3045.9609,3049.6072,3013.5897,-21.202,-0.6955,348991721,364717833.5
11.82,12.09,11.52,11.7,11.88,-0.18,-1.5152,101979,119251.518,3048.5369,3044.6136,3051.5851,3033.2089,1.4843,0.0487,333489965,347834663.5
12.55,12.56,11.88,11.88,12.63,-0.75,-5.9382,124684.75,151239.219,3047.0526,3057.3255,3077.3512,3045.4692,-22.2433,-0.7247,402936740,421808399.7
12.87,13.08,12.2,12.63,13.24,-0.61,-4.6073,167663.97,211072.774,3069.2959,3074.8929,3079.02,3057.3972,-5.6627,-0.1842,363211380,392704394
13.54,14.06,13.14,13.24,13.73,-0.49,-3.5688,183349.77,248779.067,3074.9586,3076.8752,3085.5365,3063.9808,-2.42,-0.0786,367304262,396705813.3
13.55,13.75,13.13,13.73,13.69,0.04,0.2922,196676.88,264602.304,3077.3786,3049.0207,3078.4883,3049.0207,36.2117,1.1907,375393640,420902006.8
12.95,13.73,12.78,13.69,13.26,0.43,3.2428,277161.54,368784.273,3041.1669,3008.3757,3041.2978,3008.1672,30.5033,1.0132,334822785,364571210.1
12.67,13.4,12.67,13.26,12.38,0.88,7.1082,233562.49,306219.773,3010.6636,2988.5899,3033.3666,2984.1201,17.5248,0.5855,353200026,392929088.7
12.52,13.24,11.7,12.38,12.55,-0.17,-1.3546,232470.99,287742.321,2993.1388,3026.8138,3030.4495,2993.1388,-38.3421,-1.2648,343198010,376242896.1
13.14,13.28,12.42,12.55,13.1,-0.55,-4.1985,162139,206365.025,3031.4809,3026.9218,3036.4939,3006.2597,5.1754,0.171,345928787,396410716.1
13.55,14.1,12.98,13.1,13.69,-0.59,-4.3097,206084.08,279476.422,3026.3055,3040.501,3065.2611,3026.3055,-21.7281,-0.7129,387485389,443472341.3
14.25,14.28,13.48,13.69,14.73,-1.04,-7.0604,285194.22,395125.873,3048.0336,3070.5481,3073.2058,3027.7615,-29.0794,-0.945,394740486,456762466.6
14.25,15.7,13.7,14.73,14.3,0.43,3.007,455169.83,665255.39,3077.113,3084.4116,3090.0513,3069.272,-2.5729,-0.0835,366877968,437634616.3
12.99,14.3,12.99,14.3,13,1.3,10,315845.02,431163.145,3079.6859,3058.6478,3081.7547,3056.645,16.9301,0.5528,349187729,407432569.7
12.76,13.73,12.75,13,12.94,0.06,0.4637,215848.26,285045.396,3062.7558,3077.9805,3090.0459,3062.6279,-22.1704,-0.7187,384123680,446930657.8
12.75,12.98,12.53,12.94,12.4,0.54,4.3548,177233.5,227858.023,3084.9262,3057.2093,3085.3124,3055.9221,30.2903,0.9916,406653508,485520636.5
12.02,12.44,11.93,12.4,12.1,0.3,2.4793,106019.04,129196.109,3054.6359,3031.5229,3056.4473,3023.2152,16.402,0.5399,360268463,405917704
12.28,12.6,11.95,12.1,12.44,-0.34,-2.7331,120883,147694.549,3038.2339,3042.4131,3059.9975,3020.637,-5.6007,-0.184,364072290,436338838.3
12.37,12.75,12.28,12.44,12.54,-0.1,-0.7974,173668.74,216973.106,3043.8346,3053.3413,3061.951,3031.8985,-12.1004,-0.396,365047453,442453946.3
11.98,12.86,11.86,12.54,12.05,0.49,4.0664,214706.24,266218.383,3055.935,3068.182,3075.1308,3044.8572,-12.5204,-0.408,415743914,494558502.8
11.62,12.17,11.55,12.05,11.65,0.4,3.4335,145407,173092.18,3068.4554,3042.6188,3068.4554,3035.4451,22.4362,0.7366,361608821,427851361.3
11.37,11.72,11.24,11.65,11.43,0.22,1.9248,100574,115929.537,3046.0192,3026.1654,3049.194,3016.9032,18.6179,0.615,319204392,370647474.8
11.9,12.06,11.41,11.43,12.05,-0.62,-5.1452,177727.14,207939.98,3027.4013,3040.2111,3063.6924,3023.1177,-12.5296,-0.4122,377154391,423391257
11.81,12.69,11.65,12.05,12.13,-0.08,-0.6595,240317.54,292464.421,3039.9309,3041.7518,3060.5629,3034.3536,-7.8622,-0.258,340982739,401334635.6
11.43,12.54,11.29,12.13,11.56,0.57,4.9308,234258,281714.802,3047.7931,3027.1028,3052.5413,3022.1777,8.4876,0.2793,383509955,458900476.8
11.37,11.88,11.08,11.56,11.4,0.16,1.4035,182940,209338.95,3039.3055,3026.6071,3040.3447,3007.6829,12.2851,0.4058,387760002,461727516.6
10.77,11.46,10.7,11.4,10.7,0.7,6.5421,170332.47,189191.247,3027.0204,3013.8229,3032.2315,3003.7632,11.8492,0.393,379132184,442984248.2
9.66,10.7,9.66,10.7,10.11,0.59,5.8358,144971,151405.45,3015.1712,2943.6242,3015.1712,2943.6242,57.3188,1.9379,409696374,452808746.1
11.22,11.52,10.11,10.11,11.23,-1.12,-9.9733,202172.93,221011.368,2957.8524,3016.2555,3031.4881,2957.8524,-57.6283,-1.9111,544109093,576555221.7
10.86,11.23,10.71,11.23,10.95,0.28,2.5571,161692,177672.395,3015.4807,2966.4166,3015.4807,2961.1479,38.4586,1.2918,372984687,412614978.5
11.02,11.27,10.76,10.95,11.02,-0.07,-0.6352,167174.5,183556.683,2977.0221,3002.1179,3009.479,2967.0571,-27.8589,-0.9271,409026558,427564895.8
10.6,11.36,10.34,11.02,10.34,0.68,6.5764,211785.22,227280.224,3004.881,2992.9115,3009.1359,2979.9728,16.5232,0.5529,380083270,398232220.7
9.35,10.34,9.34,10.34,9.4,0.94,10,161494.96,159906.144,2988.3578,2945.4465,2988.3578,2944.4988,37.4022,1.2675,354132536,365264217.9
9.18,9.86,9.08,9.4,9.18,0.22,2.3965,127838.8,122227.713,2950.9556,2906.0243,2994.6149,2898.0496,28.2254,0.9657,444245463,450922050.7
9.03,9.23,8.72,9.18,9.11,0.07,0.7684,103641.13,93644.567,2922.7302,2902.8765,2927.308,2887.4741,12.1862,0.4187,350138735,357057492
8.55,9.12,8.55,9.11,8.4,0.71,8.4524,136309.65,121269.548,2910.544,2886.5871,2910.544,2867.7103,44.6408,1.5577,458967704,442148454.6
7.51,8.43,7.51,8.4,7.7,0.7,9.0909,135178.12,108215.373,2865.9032,2832.4855,2867.4738,2827.902,36.2076,1.2796,531108893,482939732
8.55,8.65,7.7,7.7,8.55,-0.85,-9.9415,155905.67,127219.861,2829.6956,2791.5145,2829.6956,2770.5293,40.2096,1.4415,547117439,495919878.1
7.97,9.2,7.97,8.55,8.85,-0.3,-3.3898,166230.76,137612.697,2789.486,2680.4846,2802.9312,2669.6732,87.301,3.2308,502849313,441215054.1
9.84,9.84,8.85,8.85,9.83,-0.98,-9.9695,92945,83693.959,2702.185,2716.081,2739.7383,2635.0897,-27.967,-1.0244,478990292,424877418.3
10.41,10.71,9.54,9.83,10.6,-0.77,-7.2642,158528,160271.105,2730.152,2773.2949,2791.6756,2666.3335,-40.5883,-1.4649,426230199,392661142.3
10.6,10.99,10.6,10.6,11.78,-1.18,-10.017,191355.9,204098.914,2770.7403,2773.4239,2805.0146,2752.7824,-17.8079,-0.6386,352889185,337547960.5
11.78,11.78,11.78,11.78,13.09,-1.31,-10.0076,16265,19160.17,2788.5482,2815.5042,2834.011,2782.5869,-41.9784,-1.4831,377103965,355636999.8
14.22,14.22,13.09,13.09,14.54,-1.45,-9.9725,88598,116913.327,2830.5266,2866.2795,2881.3468,2829.2498,-52.8294,-1.8322,335661226,329254005.9
15,15.62,14.5,14.54,15.02,-0.48,-3.1957,173440.01,261843.081,2883.356,2910.6072,2923.8992,2883.3327,-26.8667,-0.9232,410581311,397014731.4
15.26,16.22,14.95,15.02,15.2,-0.18,-1.1842,186399.74,286294.994,2910.2227,2897.9149,2924.3065,2890.4819,4.114,0.1416,421109084,402400231.3
15,15.3,14.45,15.2,15.25,-0.05,-0.3279,183653.75,274358.132,2906.1087,2823.8259,2906.794,2821.7093,85.3368,3.0253,442009045,437679811.3
15.01,15.25,14.31,15.25,15.33,-0.08,-0.5219,197830.42,294093.992,2820.7719,2782.1415,2823.6953,2743.3971,49.7956,1.797,369070600,357316181.6
14.79,15.61,14.64,15.33,14.77,0.56,3.7915,228819.37,348399.774,2770.9763,2746.8923,2784.8407,2724.1573,14.6364,0.531,308749417,312191330.2
14.44,15.37,14.3,14.77,14.6,0.17,1.1644,174488.21,259860.278,2756.3399,2826.5034,2828.3202,2735.3721,-75.9394,-2.6812,350165758,359918989.6
